{
  "schema_version": 1,
  "timestamp_utc": "2026-07-22T04:09:22.333099+00:00",
  "device": "NVIDIA H20",
  "compute_capability": [
    9,
    0
  ],
  "torch_version": "2.11.0+cu130",
  "vllm_version": "0.24.0",
  "adapter_backend": "cpp-dispatch",
  "baseline": "vLLM Sampler.compute_logprobs + gather_logprobs(num_logprobs=0, caller-selected IDs)",
  "candidate": "Loom selected_token_logprobs",
  "dtype": "bf16",
  "vocab_size": 151936,
  "row_stride": 151936,
  "warmup": 100,
  "iterations": 1000,
  "repeats": 7,
  "selection": "uniform caller-selected token IDs; sampling cost excluded",
  "acceptance": {
    "passed": true,
    "sampled_token_ranks": "exact, including ties",
    "logprob_rtol": 2e-05,
    "logprob_atol": 2e-05,
    "maximum_logprob_error": 9.5367431640625e-07
  },
  "results": [
    {
      "rows": 1,
      "baseline_us": 118.70476531982422,
      "loom_us": 41.69257736206055,
      "speedup": 2.8471438522254395,
      "latency_reduction_percent": 64.87708201964011,
      "baseline_samples_us": [
        118.83878326416016,
        118.98483276367188,
        118.59270477294922,
        118.91814422607422,
        118.41426849365234,
        118.37779235839844,
        118.70476531982422
      ],
      "loom_samples_us": [
        41.698974609375,
        41.692447662353516,
        41.69443130493164,
        41.68492889404297,
        41.69619369506836,
        41.69257736206055,
        41.69148635864258
      ],
      "baseline_p90_us": 118.98483276367188,
      "loom_p90_us": 41.698974609375,
      "maximum_logprob_error": 0.0,
      "minimum_selected_rank": 134553,
      "maximum_selected_rank": 134553
    },
    {
      "rows": 2,
      "baseline_us": 118.18975830078125,
      "loom_us": 41.743614196777344,
      "speedup": 2.8313254751646695,
      "latency_reduction_percent": 64.68085323387838,
      "baseline_samples_us": [
        118.03231811523438,
        118.18975830078125,
        117.99030303955078,
        119.29446411132812,
        117.96070098876953,
        118.2623062133789,
        118.33155059814453
      ],
      "loom_samples_us": [
        41.74697494506836,
        41.739166259765625,
        41.755584716796875,
        41.743614196777344,
        41.741920471191406,
        41.74067306518555,
        41.74800109863281
      ],
      "baseline_p90_us": 119.29446411132812,
      "loom_p90_us": 41.755584716796875,
      "maximum_logprob_error": 0.0,
      "minimum_selected_rank": 19964,
      "maximum_selected_rank": 73145
    },
    {
      "rows": 4,
      "baseline_us": 118.44960021972656,
      "loom_us": 41.95356750488281,
      "speedup": 2.8233498904697596,
      "latency_reduction_percent": 64.58108138224355,
      "baseline_samples_us": [
        118.58975982666016,
        118.39990234375,
        118.44960021972656,
        119.4644775390625,
        118.40354919433594,
        118.00943756103516,
        119.09811401367188
      ],
      "loom_samples_us": [
        41.948543548583984,
        41.95091247558594,
        41.97011184692383,
        41.954463958740234,
        41.95462417602539,
        41.95356750488281,
        41.94940948486328
      ],
      "baseline_p90_us": 119.4644775390625,
      "loom_p90_us": 41.97011184692383,
      "maximum_logprob_error": 9.5367431640625e-07,
      "minimum_selected_rank": 43198,
      "maximum_selected_rank": 145271
    },
    {
      "rows": 8,
      "baseline_us": 118.37120056152344,
      "loom_us": 42.47081756591797,
      "speedup": 2.7871184814797183,
      "latency_reduction_percent": 64.12064981646971,
      "baseline_samples_us": [
        118.37120056152344,
        118.5627212524414,
        118.21734619140625,
        118.60377502441406,
        119.0599365234375,
        118.2861099243164,
        118.33216094970703
      ],
      "loom_samples_us": [
        42.476993560791016,
        42.4587516784668,
        42.47129440307617,
        42.473087310791016,
        42.47081756591797,
        42.469566345214844,
        42.45625686645508
      ],
      "baseline_p90_us": 119.0599365234375,
      "loom_p90_us": 42.476993560791016,
      "maximum_logprob_error": 9.5367431640625e-07,
      "minimum_selected_rank": 6246,
      "maximum_selected_rank": 140474
    },
    {
      "rows": 16,
      "baseline_us": 118.62748718261719,
      "loom_us": 42.568702697753906,
      "speedup": 2.7867301483180142,
      "latency_reduction_percent": 64.11564999920894,
      "baseline_samples_us": [
        118.66012573242188,
        118.88079833984375,
        118.72077178955078,
        118.62748718261719,
        118.4158706665039,
        118.12137603759766,
        118.23078155517578
      ],
      "loom_samples_us": [
        42.559425354003906,
        42.568702697753906,
        42.554527282714844,
        42.55673599243164,
        42.569664001464844,
        42.569217681884766,
        42.57289505004883
      ],
      "baseline_p90_us": 118.88079833984375,
      "loom_p90_us": 42.57289505004883,
      "maximum_logprob_error": 0.0,
      "minimum_selected_rank": 24591,
      "maximum_selected_rank": 147084
    },
    {
      "rows": 32,
      "baseline_us": 118.38607788085938,
      "loom_us": 42.811710357666016,
      "speedup": 2.765273260325624,
      "latency_reduction_percent": 63.837208627900836,
      "baseline_samples_us": [
        118.39785766601562,
        118.43504333496094,
        117.88275146484375,
        118.46585845947266,
        118.38607788085938,
        118.35110473632812,
        118.2576675415039
      ],
      "loom_samples_us": [
        42.82147216796875,
        42.811710357666016,
        42.82009506225586,
        42.820064544677734,
        42.732383728027344,
        42.733985900878906,
        42.73603057861328
      ],
      "baseline_p90_us": 118.46585845947266,
      "loom_p90_us": 42.82147216796875,
      "maximum_logprob_error": 9.5367431640625e-07,
      "minimum_selected_rank": 1025,
      "maximum_selected_rank": 151842
    },
    {
      "rows": 64,
      "baseline_us": 153.69293212890625,
      "loom_us": 43.05545425415039,
      "speedup": 3.5696506933053853,
      "latency_reduction_percent": 71.98605449335909,
      "baseline_samples_us": [
        153.625732421875,
        153.68601989746094,
        153.75289916992188,
        153.69293212890625,
        153.68649291992188,
        153.7434539794922,
        153.75062561035156
      ],
      "loom_samples_us": [
        43.06016159057617,
        43.064544677734375,
        43.025856018066406,
        43.01478576660156,
        43.05545425415039,
        43.068607330322266,
        42.9700813293457
      ],
      "baseline_p90_us": 153.75289916992188,
      "loom_p90_us": 43.068607330322266,
      "maximum_logprob_error": 9.5367431640625e-07,
      "minimum_selected_rank": 1851,
      "maximum_selected_rank": 149591
    },
    {
      "rows": 128,
      "baseline_us": 243.0879669189453,
      "loom_us": 64.26943969726562,
      "speedup": 3.782325908923205,
      "latency_reduction_percent": 73.5612418369127,
      "baseline_samples_us": [
        243.0457305908203,
        243.0338592529297,
        243.10198974609375,
        243.13023376464844,
        243.10630798339844,
        243.08221435546875,
        243.0879669189453
      ],
      "loom_samples_us": [
        64.2685775756836,
        64.27654266357422,
        64.29305267333984,
        64.2877426147461,
        64.26038360595703,
        64.26943969726562,
        64.24992370605469
      ],
      "baseline_p90_us": 243.13023376464844,
      "loom_p90_us": 64.29305267333984,
      "maximum_logprob_error": 9.5367431640625e-07,
      "minimum_selected_rank": 288,
      "maximum_selected_rank": 151726
    }
  ]
}
